current_date,sale_id,product_id,name,price
2025-02-14,1,P005,Mobile Phone Case,15
2025-02-14,2,P001,Wireless Headphones,100
2025-02-14,3,P001,Wireless Headphones,100
2025-02-14,4,P006,Wireless Mouse,30
2025-02-14,5,P006,Wireless Mouse,30
2025-02-14,6,P003,Bluetooth Speaker,50
2025-02-14,7,P004,USB Flash Drive,20
2025-02-14,8,P007,Laptop Stand,40
2025-02-14,9,P005,Mobile Phone Case,15
2025-02-14,10,P006,Wireless Mouse,30
2025-02-14,11,P004,USB Flash Drive,20
2025-02-14,12,P006,Wireless Mouse,30
2025-02-14,13,P007,Laptop Stand,40
2025-02-14,14,P004,USB Flash Drive,20
2025-02-14,15,P005,Mobile Phone Case,15
2025-02-14,16,P010,External Hard Drive,100
2025-02-14,17,P010,External Hard Drive,100
2025-02-14,18,P004,USB Flash Drive,20
2025-02-14,19,P009,Smartphone,600
2025-02-14,20,P001,Wireless Headphones,100
2025-02-14,21,P008,HDMI Cable,15
2025-02-14,22,P007,Laptop Stand,40
2025-02-14,23,P007,Laptop Stand,40
2025-02-14,24,P003,Bluetooth Speaker,50
2025-02-14,25,P007,Laptop Stand,40
2025-02-14,26,P003,Bluetooth Speaker,50
2025-02-14,27,P002,Laptop Backpack,60
2025-02-14,28,P001,Wireless Headphones,100
2025-02-14,29,P004,USB Flash Drive,20
2025-02-14,30,P006,Wireless Mouse,30
2025-02-14,31,P002,Laptop Backpack,60
2025-02-14,32,P003,Bluetooth Speaker,50
2025-02-14,33,P008,HDMI Cable,15
2025-02-14,34,P004,USB Flash Drive,20
2025-02-14,35,P009,Smartphone,600
2025-02-14,36,P001,Wireless Headphones,100
2025-02-14,37,P003,Bluetooth Speaker,50
2025-02-14,38,P006,Wireless Mouse,30
2025-02-14,39,P008,HDMI Cable,15
2025-02-14,40,P004,USB Flash Drive,20
2025-02-14,41,P009,Smartphone,600
2025-02-14,42,P008,HDMI Cable,15
2025-02-14,43,P006,Wireless Mouse,30
2025-02-14,44,P005,Mobile Phone Case,15
2025-02-14,45,P005,Mobile Phone Case,15
2025-02-14,46,P001,Wireless Headphones,100
2025-02-14,47,P002,Laptop Backpack,60
2025-02-14,48,P005,Mobile Phone Case,15
2025-02-14,49,P002,Laptop Backpack,60
2025-02-14,50,P009,Smartphone,600
2025-02-14,51,P002,Laptop Backpack,60
2025-02-14,52,P001,Wireless Headphones,100
2025-02-14,53,P006,Wireless Mouse,30
2025-02-14,54,P008,HDMI Cable,15
2025-02-14,55,P006,Wireless Mouse,30
2025-02-14,56,P010,External Hard Drive,100
2025-02-14,57,P002,Laptop Backpack,60
2025-02-14,58,P008,HDMI Cable,15
2025-02-14,59,P002,Laptop Backpack,60
2025-02-14,60,P001,Wireless Headphones,100
2025-02-14,61,P008,HDMI Cable,15
2025-02-14,62,P008,HDMI Cable,15
2025-02-14,63,P006,Wireless Mouse,30
2025-02-14,64,P006,Wireless Mouse,30
2025-02-14,65,P002,Laptop Backpack,60
2025-02-14,66,P004,USB Flash Drive,20
2025-02-14,67,P005,Mobile Phone Case,15
2025-02-14,68,P001,Wireless Headphones,100
2025-02-14,69,P010,External Hard Drive,100
2025-02-14,70,P001,Wireless Headphones,100
2025-02-14,71,P003,Bluetooth Speaker,50
2025-02-14,72,P001,Wireless Headphones,100
2025-02-14,73,P003,Bluetooth Speaker,50
2025-02-14,74,P010,External Hard Drive,100
2025-02-14,75,P008,HDMI Cable,15
2025-02-14,76,P004,USB Flash Drive,20
2025-02-14,77,P006,Wireless Mouse,30
2025-02-14,78,P005,Mobile Phone Case,15
2025-02-14,79,P001,Wireless Headphones,100
2025-02-14,80,P009,Smartphone,600
2025-02-14,81,P009,Smartphone,600
2025-02-14,82,P010,External Hard Drive,100
2025-02-14,83,P008,HDMI Cable,15
2025-02-14,84,P006,Wireless Mouse,30
2025-02-14,85,P004,USB Flash Drive,20
2025-02-14,86,P002,Laptop Backpack,60
2025-02-14,87,P001,Wireless Headphones,100
2025-02-14,88,P003,Bluetooth Speaker,50
2025-02-14,89,P003,Bluetooth Speaker,50
2025-02-14,90,P001,Wireless Headphones,100
2025-02-14,91,P004,USB Flash Drive,20
2025-02-14,92,P005,Mobile Phone Case,15
2025-02-14,93,P010,External Hard Drive,100
2025-02-14,94,P001,Wireless Headphones,100
2025-02-14,95,P006,Wireless Mouse,30
2025-02-14,96,P006,Wireless Mouse,30
2025-02-14,97,P002,Laptop Backpack,60
2025-02-14,98,P002,Laptop Backpack,60
2025-02-14,99,P010,External Hard Drive,100
2025-02-14,100,P004,USB Flash Drive,20
2025-02-14,101,P005,Mobile Phone Case,15
2025-02-14,102,P010,External Hard Drive,100
2025-02-14,103,P001,Wireless Headphones,100
2025-02-14,104,P008,HDMI Cable,15
2025-02-14,105,P003,Bluetooth Speaker,50
2025-02-14,106,P008,HDMI Cable,15
2025-02-14,107,P001,Wireless Headphones,100
2025-02-14,108,P001,Wireless Headphones,100
2025-02-14,109,P004,USB Flash Drive,20
2025-02-14,110,P001,Wireless Headphones,100
2025-02-14,111,P003,Bluetooth Speaker,50
2025-02-14,112,P004,USB Flash Drive,20
2025-02-14,113,P004,USB Flash Drive,20
2025-02-14,114,P003,Bluetooth Speaker,50
2025-02-14,115,P003,Bluetooth Speaker,50
2025-02-14,116,P004,USB Flash Drive,20
2025-02-14,117,P008,HDMI Cable,15
2025-02-14,118,P008,HDMI Cable,15
2025-02-14,119,P009,Smartphone,600
2025-02-14,120,P001,Wireless Headphones,100
2025-02-14,121,P006,Wireless Mouse,30
2025-02-14,122,P001,Wireless Headphones,100
2025-02-14,123,P009,Smartphone,600
2025-02-14,124,P008,HDMI Cable,15
2025-02-14,125,P010,External Hard Drive,100
2025-02-14,126,P001,Wireless Headphones,100
2025-02-14,127,P007,Laptop Stand,40
2025-02-14,128,P001,Wireless Headphones,100
2025-02-14,129,P002,Laptop Backpack,60
2025-02-14,130,P009,Smartphone,600
2025-02-14,131,P007,Laptop Stand,40
2025-02-14,132,P003,Bluetooth Speaker,50
2025-02-14,133,P001,Wireless Headphones,100
2025-02-14,134,P005,Mobile Phone Case,15
2025-02-14,135,P006,Wireless Mouse,30
2025-02-14,136,P006,Wireless Mouse,30
2025-02-14,137,P003,Bluetooth Speaker,50
2025-02-14,138,P006,Wireless Mouse,30
2025-02-14,139,P002,Laptop Backpack,60
2025-02-14,140,P001,Wireless Headphones,100
2025-02-14,141,P010,External Hard Drive,100
2025-02-14,142,P010,External Hard Drive,100
2025-02-14,143,P003,Bluetooth Speaker,50
2025-02-14,144,P003,Bluetooth Speaker,50
2025-02-14,145,P010,External Hard Drive,100
2025-02-14,146,P001,Wireless Headphones,100
2025-02-14,147,P004,USB Flash Drive,20
2025-02-14,148,P002,Laptop Backpack,60
2025-02-14,149,P008,HDMI Cable,15
2025-02-14,150,P001,Wireless Headphones,100
2025-02-14,151,P001,Wireless Headphones,100
2025-02-14,152,P001,Wireless Headphones,100
2025-02-14,153,P003,Bluetooth Speaker,50
2025-02-14,154,P001,Wireless Headphones,100
2025-02-14,155,P006,Wireless Mouse,30
2025-02-14,156,P010,External Hard Drive,100
2025-02-14,157,P008,HDMI Cable,15
2025-02-14,158,P002,Laptop Backpack,60
2025-02-14,159,P008,HDMI Cable,15
2025-02-14,160,P003,Bluetooth Speaker,50
2025-02-14,161,P008,HDMI Cable,15
2025-02-14,162,P005,Mobile Phone Case,15
2025-02-14,163,P004,USB Flash Drive,20
2025-02-14,164,P003,Bluetooth Speaker,50
2025-02-14,165,P005,Mobile Phone Case,15
2025-02-14,166,P007,Laptop Stand,40
2025-02-14,167,P010,External Hard Drive,100
2025-02-14,168,P004,USB Flash Drive,20
2025-02-14,169,P006,Wireless Mouse,30
2025-02-14,170,P008,HDMI Cable,15
2025-02-14,171,P006,Wireless Mouse,30
2025-02-14,172,P005,Mobile Phone Case,15
2025-02-14,173,P009,Smartphone,600
2025-02-14,174,P007,Laptop Stand,40
2025-02-14,175,P001,Wireless Headphones,100
2025-02-14,176,P008,HDMI Cable,15
2025-02-14,177,P009,Smartphone,600
2025-02-14,178,P001,Wireless Headphones,100
2025-02-14,179,P001,Wireless Headphones,100
2025-02-14,180,P003,Bluetooth Speaker,50
2025-02-14,181,P006,Wireless Mouse,30
2025-02-14,182,P006,Wireless Mouse,30
2025-02-14,183,P001,Wireless Headphones,100
2025-02-14,184,P004,USB Flash Drive,20
2025-02-14,185,P008,HDMI Cable,15
2025-02-14,186,P001,Wireless Headphones,100
2025-02-14,187,P007,Laptop Stand,40
2025-02-14,188,P004,USB Flash Drive,20
2025-02-14,189,P001,Wireless Headphones,100
2025-02-14,190,P001,Wireless Headphones,100
2025-02-14,191,P006,Wireless Mouse,30
2025-02-14,192,P009,Smartphone,600
2025-02-14,193,P004,USB Flash Drive,20
2025-02-14,194,P004,USB Flash Drive,20
2025-02-14,195,P008,HDMI Cable,15
2025-02-14,196,P002,Laptop Backpack,60
2025-02-14,197,P006,Wireless Mouse,30
2025-02-14,198,P008,HDMI Cable,15
2025-02-14,199,P006,Wireless Mouse,30
2025-02-14,200,P003,Bluetooth Speaker,50
2025-02-14,201,P001,Wireless Headphones,100
2025-02-14,202,P004,USB Flash Drive,20
2025-02-14,203,P004,USB Flash Drive,20
2025-02-14,204,P002,Laptop Backpack,60
2025-02-14,205,P006,Wireless Mouse,30
2025-02-14,206,P004,USB Flash Drive,20
2025-02-14,207,P001,Wireless Headphones,100
2025-02-14,208,P005,Mobile Phone Case,15
2025-02-14,209,P002,Laptop Backpack,60
2025-02-14,210,P006,Wireless Mouse,30
2025-02-14,211,P003,Bluetooth Speaker,50
2025-02-14,212,P001,Wireless Headphones,100
2025-02-14,213,P003,Bluetooth Speaker,50
2025-02-14,214,P003,Bluetooth Speaker,50
2025-02-14,215,P009,Smartphone,600
2025-02-14,216,P008,HDMI Cable,15
2025-02-14,217,P010,External Hard Drive,100
2025-02-14,218,P006,Wireless Mouse,30
2025-02-14,219,P005,Mobile Phone Case,15
2025-02-14,220,P010,External Hard Drive,100
2025-02-14,221,P002,Laptop Backpack,60
2025-02-14,222,P005,Mobile Phone Case,15
2025-02-14,223,P010,External Hard Drive,100
2025-02-14,224,P004,USB Flash Drive,20
2025-02-14,225,P002,Laptop Backpack,60
2025-02-14,226,P007,Laptop Stand,40
2025-02-14,227,P010,External Hard Drive,100
2025-02-14,228,P009,Smartphone,600
2025-02-14,229,P009,Smartphone,600
2025-02-14,230,P004,USB Flash Drive,20
2025-02-14,231,P008,HDMI Cable,15
2025-02-14,232,P004,USB Flash Drive,20
2025-02-14,233,P005,Mobile Phone Case,15
2025-02-14,234,P001,Wireless Headphones,100
2025-02-14,235,P007,Laptop Stand,40
2025-02-14,236,P006,Wireless Mouse,30
2025-02-14,237,P001,Wireless Headphones,100
2025-02-14,238,P001,Wireless Headphones,100
2025-02-14,239,P006,Wireless Mouse,30
2025-02-14,240,P003,Bluetooth Speaker,50
2025-02-14,241,P005,Mobile Phone Case,15
2025-02-14,242,P003,Bluetooth Speaker,50
2025-02-14,243,P006,Wireless Mouse,30
2025-02-14,244,P006,Wireless Mouse,30
2025-02-14,245,P003,Bluetooth Speaker,50
2025-02-14,246,P002,Laptop Backpack,60
2025-02-14,247,P006,Wireless Mouse,30
2025-02-14,248,P009,Smartphone,600
2025-02-14,249,P001,Wireless Headphones,100
2025-02-14,250,P004,USB Flash Drive,20
2025-02-14,251,P009,Smartphone,600
2025-02-14,252,P001,Wireless Headphones,100
2025-02-14,253,P008,HDMI Cable,15
2025-02-14,254,P008,HDMI Cable,15
2025-02-14,255,P002,Laptop Backpack,60
2025-02-14,256,P008,HDMI Cable,15
2025-02-14,257,P002,Laptop Backpack,60
2025-02-14,258,P008,HDMI Cable,15
2025-02-14,259,P003,Bluetooth Speaker,50
2025-02-14,260,P007,Laptop Stand,40
2025-02-14,261,P003,Bluetooth Speaker,50
2025-02-14,262,P001,Wireless Headphones,100
2025-02-14,263,P002,Laptop Backpack,60
2025-02-14,264,P008,HDMI Cable,15
2025-02-14,265,P010,External Hard Drive,100
2025-02-14,266,P008,HDMI Cable,15
2025-02-14,267,P003,Bluetooth Speaker,50
2025-02-14,268,P003,Bluetooth Speaker,50
2025-02-14,269,P001,Wireless Headphones,100
2025-02-14,270,P001,Wireless Headphones,100
2025-02-14,271,P001,Wireless Headphones,100
2025-02-14,272,P001,Wireless Headphones,100
2025-02-14,273,P006,Wireless Mouse,30
2025-02-14,274,P001,Wireless Headphones,100
2025-02-14,275,P003,Bluetooth Speaker,50
2025-02-14,276,P010,External Hard Drive,100
2025-02-14,277,P001,Wireless Headphones,100
2025-02-14,278,P004,USB Flash Drive,20
2025-02-14,279,P003,Bluetooth Speaker,50
2025-02-14,280,P004,USB Flash Drive,20
2025-02-14,281,P002,Laptop Backpack,60
2025-02-14,282,P003,Bluetooth Speaker,50
2025-02-14,283,P008,HDMI Cable,15
2025-02-14,284,P001,Wireless Headphones,100
2025-02-14,285,P004,USB Flash Drive,20
2025-02-14,286,P007,Laptop Stand,40
2025-02-14,287,P010,External Hard Drive,100
2025-02-14,288,P007,Laptop Stand,40
2025-02-14,289,P001,Wireless Headphones,100
2025-02-14,290,P001,Wireless Headphones,100
2025-02-14,291,P001,Wireless Headphones,100
2025-02-14,292,P003,Bluetooth Speaker,50
2025-02-14,293,P004,USB Flash Drive,20
2025-02-14,294,P010,External Hard Drive,100
2025-02-14,295,P003,Bluetooth Speaker,50
2025-02-14,296,P001,Wireless Headphones,100
2025-02-14,297,P003,Bluetooth Speaker,50
2025-02-14,298,P003,Bluetooth Speaker,50
2025-02-14,299,P001,Wireless Headphones,100
2025-02-14,300,P008,HDMI Cable,15
2025-02-14,301,P009,Smartphone,600
2025-02-14,302,P006,Wireless Mouse,30
2025-02-14,303,P007,Laptop Stand,40
2025-02-14,304,P008,HDMI Cable,15
2025-02-14,305,P010,External Hard Drive,100
2025-02-14,306,P009,Smartphone,600
2025-02-14,307,P003,Bluetooth Speaker,50
2025-02-14,308,P009,Smartphone,600
2025-02-14,309,P004,USB Flash Drive,20
2025-02-14,310,P006,Wireless Mouse,30
2025-02-14,311,P003,Bluetooth Speaker,50
2025-02-14,312,P007,Laptop Stand,40
2025-02-14,313,P001,Wireless Headphones,100
2025-02-14,314,P003,Bluetooth Speaker,50
2025-02-14,315,P003,Bluetooth Speaker,50
2025-02-14,316,P002,Laptop Backpack,60
2025-02-14,317,P001,Wireless Headphones,100
2025-02-14,318,P008,HDMI Cable,15
2025-02-14,319,P003,Bluetooth Speaker,50
2025-02-14,320,P006,Wireless Mouse,30
2025-02-14,321,P002,Laptop Backpack,60
2025-02-14,322,P003,Bluetooth Speaker,50
2025-02-14,323,P002,Laptop Backpack,60
2025-02-14,324,P001,Wireless Headphones,100
2025-02-14,325,P010,External Hard Drive,100
2025-02-14,326,P003,Bluetooth Speaker,50
2025-02-14,327,P002,Laptop Backpack,60
2025-02-14,328,P008,HDMI Cable,15
2025-02-14,329,P006,Wireless Mouse,30
2025-02-14,330,P004,USB Flash Drive,20
2025-02-14,331,P001,Wireless Headphones,100
2025-02-14,332,P001,Wireless Headphones,100
2025-02-14,333,P008,HDMI Cable,15
2025-02-14,334,P009,Smartphone,600
2025-02-14,335,P006,Wireless Mouse,30
2025-02-14,336,P006,Wireless Mouse,30
2025-02-14,337,P010,External Hard Drive,100
2025-02-14,338,P007,Laptop Stand,40
2025-02-14,339,P004,USB Flash Drive,20
2025-02-14,340,P008,HDMI Cable,15
2025-02-14,341,P010,External Hard Drive,100
2025-02-14,342,P002,Laptop Backpack,60
2025-02-14,343,P010,External Hard Drive,100
2025-02-14,344,P007,Laptop Stand,40
2025-02-14,345,P010,External Hard Drive,100
2025-02-14,346,P003,Bluetooth Speaker,50
2025-02-14,347,P002,Laptop Backpack,60
2025-02-14,348,P005,Mobile Phone Case,15
2025-02-14,349,P010,External Hard Drive,100
2025-02-14,350,P001,Wireless Headphones,100
2025-02-14,351,P006,Wireless Mouse,30
2025-02-14,352,P001,Wireless Headphones,100
2025-02-14,353,P008,HDMI Cable,15
2025-02-14,354,P001,Wireless Headphones,100
2025-02-14,355,P006,Wireless Mouse,30
2025-02-14,356,P008,HDMI Cable,15
2025-02-14,357,P006,Wireless Mouse,30
2025-02-14,358,P002,Laptop Backpack,60
2025-02-14,359,P008,HDMI Cable,15
2025-02-14,360,P002,Laptop Backpack,60
2025-02-14,361,P008,HDMI Cable,15
2025-02-14,362,P006,Wireless Mouse,30
2025-02-14,363,P004,USB Flash Drive,20
2025-02-14,364,P008,HDMI Cable,15
2025-02-14,365,P004,USB Flash Drive,20
2025-02-14,366,P006,Wireless Mouse,30
2025-02-14,367,P001,Wireless Headphones,100
2025-02-14,368,P006,Wireless Mouse,30
2025-02-14,369,P004,USB Flash Drive,20
2025-02-14,370,P001,Wireless Headphones,100
2025-02-14,371,P004,USB Flash Drive,20
2025-02-14,372,P008,HDMI Cable,15
2025-02-14,373,P005,Mobile Phone Case,15
2025-02-14,374,P002,Laptop Backpack,60
2025-02-14,375,P009,Smartphone,600
2025-02-14,376,P010,External Hard Drive,100
2025-02-14,377,P004,USB Flash Drive,20
2025-02-14,378,P004,USB Flash Drive,20
2025-02-14,379,P001,Wireless Headphones,100
2025-02-14,380,P006,Wireless Mouse,30
2025-02-14,381,P005,Mobile Phone Case,15
2025-02-14,382,P001,Wireless Headphones,100
2025-02-14,383,P006,Wireless Mouse,30
2025-02-14,384,P003,Bluetooth Speaker,50
2025-02-14,385,P008,HDMI Cable,15
2025-02-14,386,P001,Wireless Headphones,100
2025-02-14,387,P006,Wireless Mouse,30
2025-02-14,388,P003,Bluetooth Speaker,50
2025-02-14,389,P001,Wireless Headphones,100
2025-02-14,390,P002,Laptop Backpack,60
2025-02-14,391,P007,Laptop Stand,40
2025-02-14,392,P006,Wireless Mouse,30
2025-02-14,393,P009,Smartphone,600
2025-02-14,394,P001,Wireless Headphones,100
2025-02-14,395,P007,Laptop Stand,40
2025-02-14,396,P004,USB Flash Drive,20
2025-02-14,397,P004,USB Flash Drive,20
2025-02-14,398,P001,Wireless Headphones,100
2025-02-14,399,P008,HDMI Cable,15
2025-02-14,400,P006,Wireless Mouse,30
2025-02-14,401,P003,Bluetooth Speaker,50
2025-02-14,402,P004,USB Flash Drive,20
2025-02-14,403,P010,External Hard Drive,100
2025-02-14,404,P002,Laptop Backpack,60
2025-02-14,405,P001,Wireless Headphones,100
2025-02-14,406,P008,HDMI Cable,15
2025-02-14,407,P010,External Hard Drive,100
2025-02-14,408,P004,USB Flash Drive,20
2025-02-14,409,P001,Wireless Headphones,100
2025-02-14,410,P004,USB Flash Drive,20
2025-02-14,411,P006,Wireless Mouse,30
2025-02-14,412,P002,Laptop Backpack,60
2025-02-14,413,P007,Laptop Stand,40
2025-02-14,414,P003,Bluetooth Speaker,50
2025-02-14,415,P003,Bluetooth Speaker,50
2025-02-14,416,P004,USB Flash Drive,20
2025-02-14,417,P004,USB Flash Drive,20
2025-02-14,418,P010,External Hard Drive,100
2025-02-14,419,P010,External Hard Drive,100
2025-02-14,420,P004,USB Flash Drive,20
2025-02-14,421,P001,Wireless Headphones,100
2025-02-14,422,P002,Laptop Backpack,60
2025-02-14,423,P001,Wireless Headphones,100
2025-02-14,424,P010,External Hard Drive,100
2025-02-14,425,P007,Laptop Stand,40
2025-02-14,426,P008,HDMI Cable,15
2025-02-14,427,P006,Wireless Mouse,30
2025-02-14,428,P005,Mobile Phone Case,15
2025-02-14,429,P003,Bluetooth Speaker,50
2025-02-14,430,P001,Wireless Headphones,100
2025-02-14,431,P001,Wireless Headphones,100
2025-02-14,432,P009,Smartphone,600
2025-02-14,433,P005,Mobile Phone Case,15
2025-02-14,434,P006,Wireless Mouse,30
2025-02-14,435,P001,Wireless Headphones,100
2025-02-14,436,P001,Wireless Headphones,100
2025-02-14,437,P001,Wireless Headphones,100
2025-02-14,438,P003,Bluetooth Speaker,50
2025-02-14,439,P001,Wireless Headphones,100
2025-02-14,440,P004,USB Flash Drive,20
2025-02-14,441,P003,Bluetooth Speaker,50
2025-02-14,442,P004,USB Flash Drive,20
2025-02-14,443,P001,Wireless Headphones,100
2025-02-14,444,P002,Laptop Backpack,60
2025-02-14,445,P003,Bluetooth Speaker,50
2025-02-14,446,P006,Wireless Mouse,30
2025-02-14,447,P003,Bluetooth Speaker,50
2025-02-14,448,P001,Wireless Headphones,100
2025-02-14,449,P004,USB Flash Drive,20
2025-02-14,450,P001,Wireless Headphones,100
2025-02-14,451,P006,Wireless Mouse,30
2025-02-14,452,P003,Bluetooth Speaker,50
2025-02-14,453,P003,Bluetooth Speaker,50
2025-02-14,454,P001,Wireless Headphones,100
2025-02-14,455,P001,Wireless Headphones,100
2025-02-14,456,P001,Wireless Headphones,100
2025-02-14,457,P004,USB Flash Drive,20
2025-02-14,458,P008,HDMI Cable,15
2025-02-14,459,P001,Wireless Headphones,100
2025-02-14,460,P003,Bluetooth Speaker,50
2025-02-14,461,P009,Smartphone,600
2025-02-14,462,P006,Wireless Mouse,30
2025-02-14,463,P010,External Hard Drive,100
2025-02-14,464,P010,External Hard Drive,100
2025-02-14,465,P004,USB Flash Drive,20
2025-02-14,466,P006,Wireless Mouse,30
2025-02-14,467,P006,Wireless Mouse,30
2025-02-14,468,P001,Wireless Headphones,100
2025-02-14,469,P004,USB Flash Drive,20
2025-02-14,470,P008,HDMI Cable,15
2025-02-14,471,P001,Wireless Headphones,100
2025-02-14,472,P006,Wireless Mouse,30
2025-02-14,473,P006,Wireless Mouse,30
2025-02-14,474,P008,HDMI Cable,15
2025-02-14,475,P001,Wireless Headphones,100
2025-02-14,476,P001,Wireless Headphones,100
2025-02-14,477,P002,Laptop Backpack,60
2025-02-14,478,P001,Wireless Headphones,100
2025-02-14,479,P001,Wireless Headphones,100
2025-02-14,480,P008,HDMI Cable,15
2025-02-14,481,P010,External Hard Drive,100
2025-02-14,482,P001,Wireless Headphones,100
2025-02-14,483,P008,HDMI Cable,15
2025-02-14,484,P010,External Hard Drive,100
2025-02-14,485,P010,External Hard Drive,100
2025-02-14,486,P005,Mobile Phone Case,15
2025-02-14,487,P008,HDMI Cable,15
2025-02-14,488,P004,USB Flash Drive,20
2025-02-14,489,P003,Bluetooth Speaker,50
2025-02-14,490,P004,USB Flash Drive,20
2025-02-14,491,P005,Mobile Phone Case,15
2025-02-14,492,P004,USB Flash Drive,20
2025-02-14,493,P009,Smartphone,600
2025-02-14,494,P006,Wireless Mouse,30
2025-02-14,495,P007,Laptop Stand,40
2025-02-14,496,P009,Smartphone,600
2025-02-14,497,P004,USB Flash Drive,20
2025-02-14,498,P006,Wireless Mouse,30
2025-02-14,499,P001,Wireless Headphones,100
2025-02-14,500,P001,Wireless Headphones,100
2025-02-14,501,P006,Wireless Mouse,30
2025-02-14,502,P002,Laptop Backpack,60
2025-02-14,503,P004,USB Flash Drive,20
2025-02-14,504,P001,Wireless Headphones,100
2025-02-14,505,P004,USB Flash Drive,20
2025-02-14,506,P010,External Hard Drive,100
2025-02-14,507,P003,Bluetooth Speaker,50
2025-02-14,508,P001,Wireless Headphones,100
2025-02-14,509,P006,Wireless Mouse,30
2025-02-14,510,P004,USB Flash Drive,20
2025-02-14,511,P009,Smartphone,600
2025-02-14,512,P004,USB Flash Drive,20
2025-02-14,513,P006,Wireless Mouse,30
2025-02-14,514,P010,External Hard Drive,100
2025-02-14,515,P001,Wireless Headphones,100
2025-02-14,516,P006,Wireless Mouse,30
2025-02-14,517,P010,External Hard Drive,100
2025-02-14,518,P006,Wireless Mouse,30
2025-02-14,519,P006,Wireless Mouse,30
2025-02-14,520,P001,Wireless Headphones,100
2025-02-14,521,P001,Wireless Headphones,100
2025-02-14,522,P003,Bluetooth Speaker,50
2025-02-14,523,P002,Laptop Backpack,60
2025-02-14,524,P001,Wireless Headphones,100
2025-02-14,525,P003,Bluetooth Speaker,50
2025-02-14,526,P003,Bluetooth Speaker,50
2025-02-14,527,P006,Wireless Mouse,30
2025-02-14,528,P001,Wireless Headphones,100
2025-02-14,529,P006,Wireless Mouse,30
2025-02-14,530,P008,HDMI Cable,15
2025-02-14,531,P010,External Hard Drive,100
2025-02-14,532,P004,USB Flash Drive,20
2025-02-14,533,P003,Bluetooth Speaker,50
2025-02-14,534,P001,Wireless Headphones,100
2025-02-14,535,P008,HDMI Cable,15
2025-02-14,536,P004,USB Flash Drive,20
2025-02-14,537,P006,Wireless Mouse,30
2025-02-14,538,P001,Wireless Headphones,100
2025-02-14,539,P003,Bluetooth Speaker,50
2025-02-14,540,P002,Laptop Backpack,60
2025-02-14,541,P001,Wireless Headphones,100
2025-02-14,542,P010,External Hard Drive,100
2025-02-14,543,P002,Laptop Backpack,60
2025-02-14,544,P006,Wireless Mouse,30
2025-02-14,545,P002,Laptop Backpack,60
2025-02-14,546,P008,HDMI Cable,15
2025-02-14,547,P002,Laptop Backpack,60
2025-02-14,548,P001,Wireless Headphones,100
2025-02-14,549,P003,Bluetooth Speaker,50
2025-02-14,550,P005,Mobile Phone Case,15
2025-02-14,551,P002,Laptop Backpack,60
2025-02-14,552,P002,Laptop Backpack,60
2025-02-14,553,P006,Wireless Mouse,30
2025-02-14,554,P007,Laptop Stand,40
2025-02-14,555,P001,Wireless Headphones,100
2025-02-14,556,P004,USB Flash Drive,20
2025-02-14,557,P010,External Hard Drive,100
2025-02-14,558,P006,Wireless Mouse,30
2025-02-14,559,P005,Mobile Phone Case,15
2025-02-14,560,P002,Laptop Backpack,60
2025-02-14,561,P004,USB Flash Drive,20
2025-02-14,562,P007,Laptop Stand,40
2025-02-14,563,P006,Wireless Mouse,30
2025-02-14,564,P001,Wireless Headphones,100
2025-02-14,565,P010,External Hard Drive,100
2025-02-14,566,P001,Wireless Headphones,100
2025-02-14,567,P002,Laptop Backpack,60
2025-02-14,568,P008,HDMI Cable,15
2025-02-14,569,P006,Wireless Mouse,30
2025-02-14,570,P001,Wireless Headphones,100
2025-02-14,571,P006,Wireless Mouse,30
2025-02-14,572,P004,USB Flash Drive,20
2025-02-14,573,P010,External Hard Drive,100
2025-02-14,574,P010,External Hard Drive,100
2025-02-14,575,P008,HDMI Cable,15
2025-02-14,576,P008,HDMI Cable,15
2025-02-14,577,P007,Laptop Stand,40
2025-02-14,578,P004,USB Flash Drive,20
2025-02-14,579,P007,Laptop Stand,40
2025-02-14,580,P001,Wireless Headphones,100
2025-02-14,581,P006,Wireless Mouse,30
2025-02-14,582,P004,USB Flash Drive,20
2025-02-14,583,P010,External Hard Drive,100
2025-02-14,584,P010,External Hard Drive,100
2025-02-14,585,P007,Laptop Stand,40
2025-02-14,586,P001,Wireless Headphones,100
2025-02-14,587,P007,Laptop Stand,40
2025-02-14,588,P004,USB Flash Drive,20
2025-02-14,589,P006,Wireless Mouse,30
2025-02-14,590,P006,Wireless Mouse,30
2025-02-14,591,P003,Bluetooth Speaker,50
2025-02-14,592,P006,Wireless Mouse,30
2025-02-14,593,P001,Wireless Headphones,100
2025-02-14,594,P001,Wireless Headphones,100
2025-02-14,595,P006,Wireless Mouse,30
2025-02-14,596,P010,External Hard Drive,100
2025-02-14,597,P006,Wireless Mouse,30
2025-02-14,598,P008,HDMI Cable,15
2025-02-14,599,P008,HDMI Cable,15
2025-02-14,600,P006,Wireless Mouse,30
2025-02-14,601,P005,Mobile Phone Case,15
2025-02-14,602,P002,Laptop Backpack,60
2025-02-14,603,P004,USB Flash Drive,20
2025-02-14,604,P009,Smartphone,600
2025-02-14,605,P010,External Hard Drive,100
2025-02-14,606,P010,External Hard Drive,100
2025-02-14,607,P002,Laptop Backpack,60
2025-02-14,608,P001,Wireless Headphones,100
2025-02-14,609,P001,Wireless Headphones,100
2025-02-14,610,P006,Wireless Mouse,30
2025-02-14,611,P001,Wireless Headphones,100
2025-02-14,612,P007,Laptop Stand,40
2025-02-14,613,P003,Bluetooth Speaker,50
2025-02-14,614,P001,Wireless Headphones,100
2025-02-14,615,P010,External Hard Drive,100
2025-02-14,616,P010,External Hard Drive,100
2025-02-14,617,P001,Wireless Headphones,100
2025-02-14,618,P004,USB Flash Drive,20
2025-02-14,619,P006,Wireless Mouse,30
2025-02-14,620,P008,HDMI Cable,15
2025-02-14,621,P001,Wireless Headphones,100
2025-02-14,622,P010,External Hard Drive,100
2025-02-14,623,P009,Smartphone,600
2025-02-14,624,P004,USB Flash Drive,20
2025-02-14,625,P003,Bluetooth Speaker,50
2025-02-14,626,P002,Laptop Backpack,60
2025-02-14,627,P003,Bluetooth Speaker,50
2025-02-14,628,P010,External Hard Drive,100
2025-02-14,629,P004,USB Flash Drive,20
2025-02-14,630,P002,Laptop Backpack,60
2025-02-14,631,P003,Bluetooth Speaker,50
2025-02-14,632,P009,Smartphone,600
2025-02-14,633,P010,External Hard Drive,100
2025-02-14,634,P006,Wireless Mouse,30
2025-02-14,635,P008,HDMI Cable,15
2025-02-14,636,P003,Bluetooth Speaker,50
2025-02-14,637,P002,Laptop Backpack,60
2025-02-14,638,P004,USB Flash Drive,20
2025-02-14,639,P002,Laptop Backpack,60
2025-02-14,640,P001,Wireless Headphones,100
2025-02-14,641,P007,Laptop Stand,40
2025-02-14,642,P006,Wireless Mouse,30
2025-02-14,643,P002,Laptop Backpack,60
2025-02-14,644,P008,HDMI Cable,15
2025-02-14,645,P008,HDMI Cable,15
2025-02-14,646,P008,HDMI Cable,15
2025-02-14,647,P008,HDMI Cable,15
2025-02-14,648,P008,HDMI Cable,15
2025-02-14,649,P002,Laptop Backpack,60
2025-02-14,650,P010,External Hard Drive,100
2025-02-14,651,P004,USB Flash Drive,20
2025-02-14,652,P002,Laptop Backpack,60
2025-02-14,653,P010,External Hard Drive,100
2025-02-14,654,P006,Wireless Mouse,30
2025-02-14,655,P001,Wireless Headphones,100
2025-02-14,656,P010,External Hard Drive,100
2025-02-14,657,P009,Smartphone,600
2025-02-14,658,P001,Wireless Headphones,100
2025-02-14,659,P010,External Hard Drive,100
2025-02-14,660,P004,USB Flash Drive,20
2025-02-14,661,P006,Wireless Mouse,30
2025-02-14,662,P004,USB Flash Drive,20
2025-02-14,663,P004,USB Flash Drive,20
2025-02-14,664,P001,Wireless Headphones,100
2025-02-14,665,P004,USB Flash Drive,20
2025-02-14,666,P004,USB Flash Drive,20
2025-02-14,667,P004,USB Flash Drive,20
2025-02-14,668,P004,USB Flash Drive,20
2025-02-14,669,P005,Mobile Phone Case,15
2025-02-14,670,P003,Bluetooth Speaker,50
2025-02-14,671,P007,Laptop Stand,40
2025-02-14,672,P001,Wireless Headphones,100
2025-02-14,673,P004,USB Flash Drive,20
2025-02-14,674,P006,Wireless Mouse,30
2025-02-14,675,P010,External Hard Drive,100
2025-02-14,676,P003,Bluetooth Speaker,50
2025-02-14,677,P001,Wireless Headphones,100
2025-02-14,678,P008,HDMI Cable,15
2025-02-14,679,P008,HDMI Cable,15
2025-02-14,680,P001,Wireless Headphones,100
2025-02-14,681,P008,HDMI Cable,15
2025-02-14,682,P007,Laptop Stand,40
2025-02-14,683,P002,Laptop Backpack,60
2025-02-14,684,P010,External Hard Drive,100
2025-02-14,685,P001,Wireless Headphones,100
2025-02-14,686,P006,Wireless Mouse,30
2025-02-14,687,P010,External Hard Drive,100
2025-02-14,688,P005,Mobile Phone Case,15
2025-02-14,689,P004,USB Flash Drive,20
2025-02-14,690,P002,Laptop Backpack,60
2025-02-14,691,P004,USB Flash Drive,20
2025-02-14,692,P002,Laptop Backpack,60
2025-02-14,693,P002,Laptop Backpack,60
2025-02-14,694,P010,External Hard Drive,100
2025-02-14,695,P007,Laptop Stand,40
2025-02-14,696,P008,HDMI Cable,15
2025-02-14,697,P001,Wireless Headphones,100
2025-02-14,698,P009,Smartphone,600
2025-02-14,699,P001,Wireless Headphones,100
2025-02-14,700,P008,HDMI Cable,15
2025-02-14,701,P006,Wireless Mouse,30
2025-02-14,702,P004,USB Flash Drive,20
2025-02-14,703,P001,Wireless Headphones,100
2025-02-14,704,P001,Wireless Headphones,100
2025-02-14,705,P006,Wireless Mouse,30
2025-02-14,706,P001,Wireless Headphones,100
2025-02-14,707,P006,Wireless Mouse,30
2025-02-14,708,P004,USB Flash Drive,20
2025-02-14,709,P009,Smartphone,600
2025-02-14,710,P004,USB Flash Drive,20
2025-02-14,711,P001,Wireless Headphones,100
2025-02-14,712,P010,External Hard Drive,100
2025-02-14,713,P006,Wireless Mouse,30
2025-02-14,714,P010,External Hard Drive,100
2025-02-14,715,P008,HDMI Cable,15
2025-02-14,716,P004,USB Flash Drive,20
2025-02-14,717,P001,Wireless Headphones,100
2025-02-14,718,P007,Laptop Stand,40
2025-02-14,719,P001,Wireless Headphones,100
2025-02-14,720,P004,USB Flash Drive,20
2025-02-14,721,P009,Smartphone,600
2025-02-14,722,P004,USB Flash Drive,20
2025-02-14,723,P001,Wireless Headphones,100
2025-02-14,724,P008,HDMI Cable,15
2025-02-14,725,P001,Wireless Headphones,100
2025-02-14,726,P008,HDMI Cable,15
2025-02-14,727,P004,USB Flash Drive,20
2025-02-14,728,P010,External Hard Drive,100
2025-02-14,729,P007,Laptop Stand,40
2025-02-14,730,P005,Mobile Phone Case,15
2025-02-14,731,P010,External Hard Drive,100
2025-02-14,732,P006,Wireless Mouse,30
2025-02-14,733,P002,Laptop Backpack,60
2025-02-14,734,P001,Wireless Headphones,100
2025-02-14,735,P004,USB Flash Drive,20
2025-02-14,736,P006,Wireless Mouse,30
2025-02-14,737,P002,Laptop Backpack,60
2025-02-14,738,P010,External Hard Drive,100
2025-02-14,739,P008,HDMI Cable,15
2025-02-14,740,P006,Wireless Mouse,30
2025-02-14,741,P010,External Hard Drive,100
2025-02-14,742,P008,HDMI Cable,15
2025-02-14,743,P006,Wireless Mouse,30
2025-02-14,744,P004,USB Flash Drive,20
2025-02-14,745,P004,USB Flash Drive,20
2025-02-14,746,P006,Wireless Mouse,30
2025-02-14,747,P001,Wireless Headphones,100
2025-02-14,748,P010,External Hard Drive,100
2025-02-14,749,P005,Mobile Phone Case,15
2025-02-14,750,P002,Laptop Backpack,60
2025-02-14,751,P004,USB Flash Drive,20
2025-02-14,752,P004,USB Flash Drive,20
2025-02-14,753,P001,Wireless Headphones,100
2025-02-14,754,P001,Wireless Headphones,100
2025-02-14,755,P003,Bluetooth Speaker,50
2025-02-14,756,P010,External Hard Drive,100
2025-02-14,757,P001,Wireless Headphones,100
2025-02-14,758,P003,Bluetooth Speaker,50
2025-02-14,759,P005,Mobile Phone Case,15
2025-02-14,760,P006,Wireless Mouse,30
2025-02-14,761,P008,HDMI Cable,15
2025-02-14,762,P008,HDMI Cable,15
2025-02-14,763,P002,Laptop Backpack,60
2025-02-14,764,P002,Laptop Backpack,60
2025-02-14,765,P004,USB Flash Drive,20
2025-02-14,766,P008,HDMI Cable,15
2025-02-14,767,P004,USB Flash Drive,20
2025-02-14,768,P003,Bluetooth Speaker,50
2025-02-14,769,P002,Laptop Backpack,60
2025-02-14,770,P005,Mobile Phone Case,15
2025-02-14,771,P001,Wireless Headphones,100
2025-02-14,772,P001,Wireless Headphones,100
2025-02-14,773,P008,HDMI Cable,15
2025-02-14,774,P006,Wireless Mouse,30
2025-02-14,775,P008,HDMI Cable,15
2025-02-14,776,P002,Laptop Backpack,60
2025-02-14,777,P005,Mobile Phone Case,15
2025-02-14,778,P008,HDMI Cable,15
2025-02-14,779,P002,Laptop Backpack,60
2025-02-14,780,P005,Mobile Phone Case,15
2025-02-14,781,P007,Laptop Stand,40
2025-02-14,782,P002,Laptop Backpack,60
2025-02-14,783,P010,External Hard Drive,100
2025-02-14,784,P008,HDMI Cable,15
2025-02-14,785,P008,HDMI Cable,15
2025-02-14,786,P001,Wireless Headphones,100
2025-02-14,787,P006,Wireless Mouse,30
2025-02-14,788,P006,Wireless Mouse,30
2025-02-14,789,P010,External Hard Drive,100
2025-02-14,790,P001,Wireless Headphones,100
2025-02-14,791,P003,Bluetooth Speaker,50
2025-02-14,792,P009,Smartphone,600
2025-02-14,793,P009,Smartphone,600
2025-02-14,794,P009,Smartphone,600
2025-02-14,795,P001,Wireless Headphones,100
2025-02-14,796,P004,USB Flash Drive,20
2025-02-14,797,P008,HDMI Cable,15
2025-02-14,798,P010,External Hard Drive,100
2025-02-14,799,P009,Smartphone,600
2025-02-14,800,P008,HDMI Cable,15
2025-02-14,801,P010,External Hard Drive,100
2025-02-14,802,P004,USB Flash Drive,20
2025-02-14,803,P010,External Hard Drive,100
2025-02-14,804,P002,Laptop Backpack,60
2025-02-14,805,P005,Mobile Phone Case,15
2025-02-14,806,P008,HDMI Cable,15
2025-02-14,807,P009,Smartphone,600
2025-02-14,808,P004,USB Flash Drive,20
2025-02-14,809,P008,HDMI Cable,15
2025-02-14,810,P004,USB Flash Drive,20
2025-02-14,811,P006,Wireless Mouse,30
2025-02-14,812,P002,Laptop Backpack,60
2025-02-14,813,P008,HDMI Cable,15
2025-02-14,814,P001,Wireless Headphones,100
2025-02-14,815,P008,HDMI Cable,15
2025-02-14,816,P007,Laptop Stand,40
2025-02-14,817,P004,USB Flash Drive,20
2025-02-14,818,P008,HDMI Cable,15
2025-02-14,819,P001,Wireless Headphones,100
2025-02-14,820,P006,Wireless Mouse,30
2025-02-14,821,P003,Bluetooth Speaker,50
2025-02-14,822,P004,USB Flash Drive,20
2025-02-14,823,P006,Wireless Mouse,30
2025-02-14,824,P004,USB Flash Drive,20
2025-02-14,825,P008,HDMI Cable,15
2025-02-14,826,P006,Wireless Mouse,30
2025-02-14,827,P006,Wireless Mouse,30
2025-02-14,828,P010,External Hard Drive,100
2025-02-14,829,P004,USB Flash Drive,20
2025-02-14,830,P006,Wireless Mouse,30
2025-02-14,831,P006,Wireless Mouse,30
2025-02-14,832,P006,Wireless Mouse,30
2025-02-14,833,P002,Laptop Backpack,60
2025-02-14,834,P009,Smartphone,600
2025-02-14,835,P001,Wireless Headphones,100
2025-02-14,836,P010,External Hard Drive,100
2025-02-14,837,P005,Mobile Phone Case,15
2025-02-14,838,P010,External Hard Drive,100
2025-02-14,839,P001,Wireless Headphones,100
2025-02-14,840,P001,Wireless Headphones,100
2025-02-14,841,P007,Laptop Stand,40
2025-02-14,842,P001,Wireless Headphones,100
2025-02-14,843,P001,Wireless Headphones,100
2025-02-14,844,P006,Wireless Mouse,30
2025-02-14,845,P010,External Hard Drive,100
2025-02-14,846,P006,Wireless Mouse,30
2025-02-14,847,P006,Wireless Mouse,30
2025-02-14,848,P001,Wireless Headphones,100
2025-02-14,849,P002,Laptop Backpack,60
2025-02-14,850,P006,Wireless Mouse,30
2025-02-14,851,P006,Wireless Mouse,30
2025-02-14,852,P002,Laptop Backpack,60
2025-02-14,853,P010,External Hard Drive,100
2025-02-14,854,P008,HDMI Cable,15
2025-02-14,855,P001,Wireless Headphones,100
2025-02-14,856,P002,Laptop Backpack,60
2025-02-14,857,P010,External Hard Drive,100
2025-02-14,858,P004,USB Flash Drive,20
2025-02-14,859,P005,Mobile Phone Case,15
2025-02-14,860,P001,Wireless Headphones,100
2025-02-14,861,P004,USB Flash Drive,20
2025-02-14,862,P008,HDMI Cable,15
2025-02-14,863,P009,Smartphone,600
2025-02-14,864,P009,Smartphone,600
2025-02-14,865,P004,USB Flash Drive,20
2025-02-14,866,P002,Laptop Backpack,60
2025-02-14,867,P007,Laptop Stand,40
2025-02-14,868,P008,HDMI Cable,15
2025-02-14,869,P010,External Hard Drive,100
2025-02-14,870,P006,Wireless Mouse,30
2025-02-14,871,P010,External Hard Drive,100
2025-02-14,872,P001,Wireless Headphones,100
2025-02-14,873,P001,Wireless Headphones,100
2025-02-14,874,P002,Laptop Backpack,60
2025-02-14,875,P007,Laptop Stand,40
2025-02-14,876,P002,Laptop Backpack,60
2025-02-14,877,P006,Wireless Mouse,30
2025-02-14,878,P006,Wireless Mouse,30
2025-02-14,879,P005,Mobile Phone Case,15
2025-02-14,880,P004,USB Flash Drive,20
2025-02-14,881,P010,External Hard Drive,100
2025-02-14,882,P007,Laptop Stand,40
2025-02-14,883,P005,Mobile Phone Case,15
2025-02-14,884,P002,Laptop Backpack,60
2025-02-14,885,P010,External Hard Drive,100
2025-02-14,886,P004,USB Flash Drive,20
2025-02-14,887,P004,USB Flash Drive,20
2025-02-14,888,P001,Wireless Headphones,100
2025-02-14,889,P005,Mobile Phone Case,15
2025-02-14,890,P004,USB Flash Drive,20
2025-02-14,891,P004,USB Flash Drive,20
2025-02-14,892,P010,External Hard Drive,100
2025-02-14,893,P004,USB Flash Drive,20
2025-02-14,894,P009,Smartphone,600
2025-02-14,895,P005,Mobile Phone Case,15
2025-02-14,896,P009,Smartphone,600
2025-02-14,897,P007,Laptop Stand,40
2025-02-14,898,P005,Mobile Phone Case,15
2025-02-14,899,P004,USB Flash Drive,20
2025-02-14,900,P003,Bluetooth Speaker,50
2025-02-14,901,P001,Wireless Headphones,100
2025-02-14,902,P003,Bluetooth Speaker,50
2025-02-14,903,P001,Wireless Headphones,100
2025-02-14,904,P001,Wireless Headphones,100
2025-02-14,905,P004,USB Flash Drive,20
2025-02-14,906,P006,Wireless Mouse,30
2025-02-14,907,P003,Bluetooth Speaker,50
2025-02-14,908,P002,Laptop Backpack,60
2025-02-14,909,P001,Wireless Headphones,100
2025-02-14,910,P003,Bluetooth Speaker,50
2025-02-14,911,P008,HDMI Cable,15
2025-02-14,912,P010,External Hard Drive,100
2025-02-14,913,P004,USB Flash Drive,20
2025-02-14,914,P008,HDMI Cable,15
2025-02-14,915,P002,Laptop Backpack,60
2025-02-14,916,P006,Wireless Mouse,30
2025-02-14,917,P006,Wireless Mouse,30
2025-02-14,918,P002,Laptop Backpack,60
2025-02-14,919,P010,External Hard Drive,100
2025-02-14,920,P008,HDMI Cable,15
2025-02-14,921,P009,Smartphone,600
2025-02-14,922,P008,HDMI Cable,15
2025-02-14,923,P005,Mobile Phone Case,15
2025-02-14,924,P004,USB Flash Drive,20
2025-02-14,925,P001,Wireless Headphones,100
2025-02-14,926,P002,Laptop Backpack,60
2025-02-14,927,P002,Laptop Backpack,60
2025-02-14,928,P004,USB Flash Drive,20
2025-02-14,929,P004,USB Flash Drive,20
2025-02-14,930,P002,Laptop Backpack,60
2025-02-14,931,P006,Wireless Mouse,30
2025-02-14,932,P004,USB Flash Drive,20
2025-02-14,933,P010,External Hard Drive,100
2025-02-14,934,P006,Wireless Mouse,30
2025-02-14,935,P003,Bluetooth Speaker,50
2025-02-14,936,P001,Wireless Headphones,100
2025-02-14,937,P010,External Hard Drive,100
2025-02-14,938,P009,Smartphone,600
2025-02-14,939,P001,Wireless Headphones,100
2025-02-14,940,P010,External Hard Drive,100
2025-02-14,941,P001,Wireless Headphones,100
2025-02-14,942,P001,Wireless Headphones,100
2025-02-14,943,P001,Wireless Headphones,100
2025-02-14,944,P004,USB Flash Drive,20
2025-02-14,945,P004,USB Flash Drive,20
2025-02-14,946,P010,External Hard Drive,100
2025-02-14,947,P006,Wireless Mouse,30
2025-02-14,948,P004,USB Flash Drive,20
2025-02-14,949,P008,HDMI Cable,15
2025-02-14,950,P003,Bluetooth Speaker,50
2025-02-14,951,P004,USB Flash Drive,20
2025-02-14,952,P008,HDMI Cable,15
2025-02-14,953,P005,Mobile Phone Case,15
2025-02-14,954,P006,Wireless Mouse,30
2025-02-14,955,P001,Wireless Headphones,100
2025-02-14,956,P006,Wireless Mouse,30
2025-02-14,957,P004,USB Flash Drive,20
2025-02-14,958,P002,Laptop Backpack,60
2025-02-14,959,P006,Wireless Mouse,30
2025-02-14,960,P003,Bluetooth Speaker,50
2025-02-14,961,P003,Bluetooth Speaker,50
2025-02-14,962,P005,Mobile Phone Case,15
2025-02-14,963,P009,Smartphone,600
2025-02-14,964,P007,Laptop Stand,40
2025-02-14,965,P004,USB Flash Drive,20
2025-02-14,966,P009,Smartphone,600
2025-02-14,967,P003,Bluetooth Speaker,50
2025-02-14,968,P008,HDMI Cable,15
2025-02-14,969,P004,USB Flash Drive,20
2025-02-14,970,P004,USB Flash Drive,20
2025-02-14,971,P001,Wireless Headphones,100
2025-02-14,972,P003,Bluetooth Speaker,50
2025-02-14,973,P001,Wireless Headphones,100
2025-02-14,974,P002,Laptop Backpack,60
2025-02-14,975,P006,Wireless Mouse,30
2025-02-14,976,P004,USB Flash Drive,20
2025-02-14,977,P003,Bluetooth Speaker,50
2025-02-14,978,P010,External Hard Drive,100
2025-02-14,979,P010,External Hard Drive,100
2025-02-14,980,P004,USB Flash Drive,20
2025-02-14,981,P008,HDMI Cable,15
2025-02-14,982,P002,Laptop Backpack,60
2025-02-14,983,P003,Bluetooth Speaker,50
2025-02-14,984,P010,External Hard Drive,100
2025-02-14,985,P002,Laptop Backpack,60
2025-02-14,986,P002,Laptop Backpack,60
2025-02-14,987,P001,Wireless Headphones,100
2025-02-14,988,P001,Wireless Headphones,100
2025-02-14,989,P006,Wireless Mouse,30
2025-02-14,990,P002,Laptop Backpack,60
2025-02-14,991,P004,USB Flash Drive,20
2025-02-14,992,P006,Wireless Mouse,30
2025-02-14,993,P001,Wireless Headphones,100
2025-02-14,994,P005,Mobile Phone Case,15
2025-02-14,995,P006,Wireless Mouse,30
2025-02-14,996,P006,Wireless Mouse,30
2025-02-14,997,P004,USB Flash Drive,20
2025-02-14,998,P001,Wireless Headphones,100
2025-02-14,999,P006,Wireless Mouse,30
2025-02-14,1000,P001,Wireless Headphones,100
